index,Region or Country,Code,Year,"Inbound mobility rate, both sexes (%)"
0,Albania,ALB,1998,2.183720112
1,Albania,ALB,1999,2.129760027
2,Albania,ALB,2000,1.689720035
3,Albania,ALB,2001,1.581050038
4,Albania,ALB,2003,1.050459981
5,Albania,ALB,2004,0.911080003
6,Albania,ALB,2011,1.097300053
7,Albania,ALB,2012,1.300060034
8,Albania,ALB,2013,1.814149976
9,Albania,ALB,2014,2.109669924
10,Algeria,DZA,2004,0.652800024
11,Algeria,DZA,2005,0.674520016
12,Algeria,DZA,2006,0.716780007
13,Algeria,DZA,2007,0.633229971
14,Algeria,DZA,2009,0.527719975
15,Algeria,DZA,2010,0.571889997
16,Algeria,DZA,2011,0.549319983
17,Algeria,DZA,2012,0.59582001
18,Algeria,DZA,2013,0.591019988
19,Algeria,DZA,2014,0.638549984
20,Andorra,AND,2002,10.11236
21,Andorra,AND,2003,10.13072014
22,Andorra,AND,2013,36.24534988
23,Angola,AGO,1998,0.599740028
24,Antigua and Barbuda,ATG,2009,7.714560032
25,Antigua and Barbuda,ATG,2010,14.01708984
26,Antigua and Barbuda,ATG,2011,9.550559998
27,Antigua and Barbuda,ATG,2012,11.99777031
28,Arab World,,2002,2.647249937
29,Arab World,,2003,2.618340015
30,Arab World,,2004,2.433120012
31,Arab World,,2005,2.298239946
32,Arab World,,2006,2.322659969
33,Arab World,,2007,2.389309883
34,Arab World,,2008,2.483279943
35,Arab World,,2009,2.590879917
36,Arab World,,2010,2.701009989
37,Arab World,,2011,2.851749897
38,Arab World,,2012,2.820660114
39,Arab World,,2013,2.959439993
40,Argentina,ARG,1998,0.185589999
41,Argentina,ARG,2000,0.184220001
42,Armenia,ARM,2002,2.316540003
43,Armenia,ARM,2003,2.06118989
44,Armenia,ARM,2004,3.089659929
45,Armenia,ARM,2005,3.615499973
46,Armenia,ARM,2006,3.643949986
47,Armenia,ARM,2007,3.494570017
48,Armenia,ARM,2008,3.2869699
49,Armenia,ARM,2009,3.392740011
50,Armenia,ARM,2010,2.748330116
51,Armenia,ARM,2011,3.005899906
52,Armenia,ARM,2012,3.433799982
53,Armenia,ARM,2013,3.016309977
54,Armenia,ARM,2014,3.949069977
55,Aruba,ABW,2003,5.442580223
56,Aruba,ABW,2005,1.899340034
57,Aruba,ABW,2006,8.070679665
58,Aruba,ABW,2008,2.274749994
59,Aruba,ABW,2009,4.872499943
60,Aruba,ABW,2010,2.703860044
61,Aruba,ABW,2011,3.554310083
62,Aruba,ABW,2012,1.373520017
63,Australia,AUS,1998,12.59095001
64,Australia,AUS,1999,13.89309025
65,Australia,AUS,2000,12.51449013
66,Australia,AUS,2001,13.92753983
67,Australia,AUS,2002,17.74522972
68,Australia,AUS,2003,18.70420074
69,Australia,AUS,2004,16.64550018
70,Australia,AUS,2005,17.27853966
71,Australia,AUS,2006,17.75795937
72,Australia,AUS,2007,19.51860046
73,Australia,AUS,2008,20.63286972
74,Australia,AUS,2009,21.47252083
75,Australia,AUS,2010,21.24822044
76,Australia,AUS,2011,19.8297596
77,Australia,AUS,2012,18.29552078
78,Australia,AUS,2013,17.96994019
79,Austria,AUT,1999,11.79115009
80,Austria,AUT,2000,11.63041019
81,Austria,AUT,2001,11.97041988
82,Austria,AUT,2002,12.71683025
83,Austria,AUT,2003,13.53382015
84,Austria,AUT,2004,14.13160992
85,Austria,AUT,2006,15.53652
86,Austria,AUT,2007,16.69585037
87,Austria,AUT,2008,18.74928093
88,Austria,AUT,2009,19.37529945
89,Austria,AUT,2010,19.59495926
90,Austria,AUT,2011,19.50209999
91,Austria,AUT,2012,15.42000008
92,Austria,AUT,2013,16.75872993
93,Austria,AUT,2014,15.47035027
94,Azerbaijan,AZE,2006,1.992910028
95,Azerbaijan,AZE,2007,2.355760098
96,Azerbaijan,AZE,2008,3.030539989
97,Azerbaijan,AZE,2009,3.503520012
98,Azerbaijan,AZE,2010,3.168309927
99,Azerbaijan,AZE,2011,2.802429914
100,Azerbaijan,AZE,2012,2.50387001
101,Azerbaijan,AZE,2013,2.367399931
102,Azerbaijan,AZE,2014,2.254849911
103,Bahrain,BHR,2003,6.976260185
104,Bahrain,BHR,2005,4.230140209
105,Bahrain,BHR,2006,3.651580095
106,Bahrain,BHR,2014,13.21333981
107,Bangladesh,BGD,2002,0.041390002
108,Bangladesh,BGD,2003,0.043880001
109,Bangladesh,BGD,2004,0.081820004
110,Bangladesh,BGD,2005,0.082050003
111,Bangladesh,BGD,2006,0.089129999
112,Bangladesh,BGD,2007,0.05841
113,Bangladesh,BGD,2008,0.081029996
114,Bangladesh,BGD,2009,0.100429997
115,Barbados,BRB,2001,7.381879807
116,Barbados,BRB,2007,7.803589821
117,Barbados,BRB,2009,10.49985981
118,Barbados,BRB,2010,12.9534502
119,Barbados,BRB,2011,13.79920959
120,Belarus,BLR,1999,0.702210009
121,Belarus,BLR,2000,0.651679993
122,Belarus,BLR,2001,0.409590006
123,Belarus,BLR,2002,0.566510022
124,Belarus,BLR,2003,0.206900001
125,Belarus,BLR,2004,0.478560001
126,Belarus,BLR,2005,0.680599988
127,Belarus,BLR,2006,0.651080012
128,Belarus,BLR,2007,0.794749975
129,Belarus,BLR,2008,1.085350037
130,Belarus,BLR,2009,1.241919994
131,Belarus,BLR,2010,1.503939986
132,Belarus,BLR,2011,1.742849946
133,Belarus,BLR,2012,2.063240051
134,Belarus,BLR,2013,2.408710003
135,Belarus,BLR,2014,2.883430004
136,Belgium,BEL,1999,10.27210045
137,Belgium,BEL,2000,10.90631962
138,Belgium,BEL,2001,10.6189003
139,Belgium,BEL,2002,10.99617958
140,Belgium,BEL,2003,11.17555046
141,Belgium,BEL,2004,6.786149979
142,Belgium,BEL,2005,5.404739857
143,Belgium,BEL,2006,6.301290035
144,Belgium,BEL,2007,6.401529789
145,Belgium,BEL,2008,7.430309772
146,Belgium,BEL,2009,7.984360218
147,Belgium,BEL,2010,8.112569809
148,Belgium,BEL,2011,8.188679695
149,Belgium,BEL,2012,8.983240128
150,Belgium,BEL,2013,9.979359627
151,Benin,BEN,2008,6.494989872
152,Benin,BEN,2010,7.920829773
153,Bermuda,BMU,2009,5.124450207
154,Bermuda,BMU,2010,5.988969803
155,Bermuda,BMU,2011,7.006849766
156,Bermuda,BMU,2012,6.729259968
157,Bermuda,BMU,2014,19.62457085
158,Bolivia,BOL,1998,0.500509977
159,Bosnia and Herzegovina,BIH,2011,4.824389935
160,Bosnia and Herzegovina,BIH,2012,5.87954998
161,Bosnia and Herzegovina,BIH,2013,6.482719898
162,Bosnia and Herzegovina,BIH,2014,7.276060104
163,Botswana,BWA,2005,3.327399969
164,Botswana,BWA,2013,2.570379972
165,Botswana,BWA,2014,1.630820036
166,Brazil,BRA,2002,0.03517
167,Brazil,BRA,2003,0.03119
168,Brazil,BRA,2004,0.02613
169,Brazil,BRA,2009,0.266829997
170,Brazil,BRA,2010,0.224910006
171,Brazil,BRA,2011,0.208269998
172,Brazil,BRA,2012,0.210189998
173,Brunei,BRN,1998,3.256769896
174,Brunei,BRN,1999,1.83536005
175,Brunei,BRN,2000,1.957829952
176,Brunei,BRN,2001,4.219689846
177,Brunei,BRN,2003,0.90188998
178,Brunei,BRN,2004,4.026850224
179,Brunei,BRN,2005,3.264980078
180,Brunei,BRN,2006,2.944639921
181,Brunei,BRN,2007,3.349740028
182,Brunei,BRN,2008,3.3886199
183,Brunei,BRN,2009,4.830520153
184,Brunei,BRN,2010,3.964679956
185,Brunei,BRN,2011,5.614250183
186,Brunei,BRN,2012,4.246640205
187,Brunei,BRN,2014,3.1881001
188,Bulgaria,BGR,1999,3.114670038
189,Bulgaria,BGR,2000,3.106139898
190,Bulgaria,BGR,2001,3.291419983
191,Bulgaria,BGR,2002,3.501840115
192,Bulgaria,BGR,2003,3.481369972
193,Bulgaria,BGR,2004,3.62677002
194,Bulgaria,BGR,2005,3.593810081
195,Bulgaria,BGR,2006,3.84491992
196,Bulgaria,BGR,2007,3.517699957
197,Bulgaria,BGR,2008,3.504460096
198,Bulgaria,BGR,2009,3.435950041
199,Bulgaria,BGR,2010,3.504179955
200,Bulgaria,BGR,2011,3.626450062
201,Bulgaria,BGR,2012,3.934809923
202,Bulgaria,BGR,2013,4.082980156
203,Bulgaria,BGR,2014,3.982439995
204,Burkina Faso,BFA,2005,3.149379969
205,Burkina Faso,BFA,2011,3.58536005
206,Burkina Faso,BFA,2012,2.961070061
207,Burkina Faso,BFA,2013,2.899990082
208,Burundi,BDI,1999,2.918400049
209,Burundi,BDI,2000,2.91911006
210,Burundi,BDI,2002,4.826469898
211,Burundi,BDI,2010,6.194270134
212,Burundi,BDI,2011,2.199690104
213,Burundi,BDI,2012,8.045479774
214,Burundi,BDI,2013,0.998059988
215,Cambodia,KHM,2001,0.141639993
216,Cambodia,KHM,2002,0.12184
217,Cambodia,KHM,2004,0.088160001
218,Cambodia,KHM,2006,0.071800001
219,Cameroon,CMR,2004,1.822340012
220,Cameroon,CMR,2005,1.597169995
221,Cameroon,CMR,2006,1.335019946
222,Cameroon,CMR,2007,1.072399974
223,Cameroon,CMR,2010,0.84145999
224,Cameroon,CMR,2011,1.385969996
225,Canada,CAN,1998,2.357599974
226,Canada,CAN,1999,2.659729958
227,Canada,CAN,2000,3.00703001
228,Cape Verde,CPV,2011,1.351009965
229,Cape Verde,CPV,2012,1.127120018
230,Cape Verde,CPV,2013,0.964190006
231,Cape Verde,CPV,2014,1.351050019
232,Cayman Islands,CYM,2001,28.14961052
233,Cayman Islands,CYM,2006,35.27336884
234,Cayman Islands,CYM,2007,33.5463295
235,Cayman Islands,CYM,2008,37.93859863
236,Central African Republic,CAF,2006,10.86956978
237,Central African Republic,CAF,2012,14.37469959
238,Chad,TCD,2008,0.421270013
239,Chad,TCD,2011,4.016590118
240,Chile,CHL,1999,0.335509986
241,Chile,CHL,2000,0.768949986
242,Chile,CHL,2002,0.936140001
243,Chile,CHL,2003,0.918860018
244,Chile,CHL,2005,0.296220005
245,Chile,CHL,2007,1.054690003
246,Chile,CHL,2008,1.510470033
247,Chile,CHL,2009,0.856729984
248,Chile,CHL,2010,0.973829985
249,Chile,CHL,2011,0.276870012
250,Chile,CHL,2012,0.309359998
251,Chile,CHL,2013,0.255620003
252,China,CHN,2006,0.155760005
253,China,CHN,2007,0.166250005
254,China,CHN,2008,0.191210002
255,China,CHN,2009,0.208939999
256,China,CHN,2010,0.230859995
257,China,CHN,2011,0.254370004
258,China,CHN,2012,0.273059994
259,China,CHN,2013,0.282799989
260,Colombia,COL,2014,0.0407
261,Comoros,COM,2012,0.03286
262,Congo,COG,2003,0.413060009
263,Congo,COG,2011,0.114950001
264,Congo,COG,2013,0.928799987
265,Costa Rica,CRI,2004,1.434280038
266,Cote d'Ivoire,CIV,2009,1.23221004
267,Cote d'Ivoire,CIV,2010,1.260139942
268,Cote d'Ivoire,CIV,2013,4.3979702
269,Cote d'Ivoire,CIV,2014,1.677019954
270,Croatia,HRV,1999,0.476590008
271,Croatia,HRV,2001,2.611170053
272,Croatia,HRV,2002,0.624679983
273,Croatia,HRV,2003,2.329900026
274,Croatia,HRV,2005,2.568730116
275,Croatia,HRV,2006,2.498430014
276,Croatia,HRV,2007,2.491499901
277,Croatia,HRV,2008,3.297539949
278,Croatia,HRV,2009,0.501190007
279,Croatia,HRV,2010,0.559210002
280,Croatia,HRV,2011,0.448170006
281,Croatia,HRV,2012,0.535319984
282,Cuba,CUB,2000,3.887850046
283,Cuba,CUB,2001,5.468460083
284,Cuba,CUB,2002,6.115690231
285,Cuba,CUB,2003,7.294579983
286,Cuba,CUB,2004,3.456350088
287,Cuba,CUB,2005,3.054729939
288,Cuba,CUB,2006,2.20472002
289,Cuba,CUB,2007,3.109110117
290,Cuba,CUB,2008,3.008049965
291,Cuba,CUB,2009,3.188910007
292,Cuba,CUB,2010,3.775130033
293,Cuba,CUB,2011,4.108009815
294,Cuba,CUB,2012,4.522019863
295,Curacao,CUW,2013,100.0
296,Cyprus,CYP,1999,17.15550995
297,Cyprus,CYP,2000,19.44498062
298,Cyprus,CYP,2001,20.71393013
299,Cyprus,CYP,2002,21.95734978
300,Cyprus,CYP,2003,28.90761948
301,Cyprus,CYP,2004,32.03511047
302,Cyprus,CYP,2005,24.37991905
303,Cyprus,CYP,2006,25.78812027
304,Cyprus,CYP,2007,25.14958954
305,Cyprus,CYP,2008,27.93522072
306,Cyprus,CYP,2009,31.77564049
307,Cyprus,CYP,2010,31.93000984
308,Cyprus,CYP,2011,27.99053001
309,Cyprus,CYP,2012,23.4609108
310,Cyprus,CYP,2013,14.87876987
311,Cyprus,CYP,2014,14.34934998
312,Czechia,CZE,1999,1.982059956
313,Czechia,CZE,2000,2.155339956
314,Czechia,CZE,2001,2.980259895
315,Czechia,CZE,2002,3.428299904
316,Czechia,CZE,2003,3.602080107
317,Czechia,CZE,2004,4.680140018
318,Czechia,CZE,2005,5.507470131
319,Czechia,CZE,2006,6.329710007
320,Czechia,CZE,2007,6.739490032
321,Czechia,CZE,2008,7.109340191
322,Czechia,CZE,2009,7.346580029
323,Czechia,CZE,2010,8.000840187
324,Czechia,CZE,2011,8.526350021
325,Czechia,CZE,2012,8.962360382
326,Czechia,CZE,2013,9.390299797
327,Democratic Republic of Congo,COD,2008,0.296039999
328,Democratic Republic of Congo,COD,2011,0.459719986
329,Democratic Republic of Congo,COD,2013,1.177029967
330,Denmark,DNK,1999,6.487870216
331,Denmark,DNK,2000,6.8042202
332,Denmark,DNK,2001,6.534150124
333,Denmark,DNK,2002,7.38007021
334,Denmark,DNK,2003,8.981590271
335,Denmark,DNK,2004,4.551189899
336,Denmark,DNK,2005,4.413680077
337,Denmark,DNK,2006,5.322140217
338,Denmark,DNK,2007,5.467410088
339,Denmark,DNK,2008,2.769309998
340,Denmark,DNK,2009,5.363770008
341,Denmark,DNK,2010,7.537749767
342,Denmark,DNK,2011,7.821360111
343,Denmark,DNK,2012,8.131010056
344,Denmark,DNK,2013,10.12547016
345,Dominican Republic,DOM,2012,3.483449936
346,Dominican Republic,DOM,2014,2.342139959
347,East Asia and Pacific,,1997,1.295799971
348,East Asia and Pacific,,1998,1.250749946
349,East Asia and Pacific,,1999,1.218909979
350,East Asia and Pacific,,2000,1.175150037
351,East Asia and Pacific,,2001,1.13835001
352,East Asia and Pacific,,2002,1.324689984
353,East Asia and Pacific,,2003,1.307039976
354,East Asia and Pacific,,2004,1.238150001
355,East Asia and Pacific,,2005,1.207080007
356,East Asia and Pacific,,2006,1.172889948
357,East Asia and Pacific,,2007,1.201740026
358,East Asia and Pacific,,2008,1.244930029
359,East Asia and Pacific,,2009,1.327499986
360,East Asia and Pacific,,2010,1.374600053
361,East Asia and Pacific,,2011,1.383159995
362,East Asia and Pacific,,2012,1.312469959
363,East Asia and Pacific,,2013,1.286579967
364,East Asia and Pacific (excluding high-income countries),,1998,0.36728999
365,East Asia and Pacific (excluding high-income countries),,1999,0.339679986
366,East Asia and Pacific (excluding high-income countries),,2000,0.401679993
367,East Asia and Pacific (excluding high-income countries),,2004,0.260049999
368,East Asia and Pacific (excluding high-income countries),,2005,0.247280002
369,East Asia and Pacific (excluding high-income countries),,2006,0.244690001
370,East Asia and Pacific (excluding high-income countries),,2007,0.268860012
371,East Asia and Pacific (excluding high-income countries),,2008,0.308209985
372,East Asia and Pacific (excluding high-income countries),,2009,0.36195001
373,East Asia and Pacific (excluding high-income countries),,2010,0.385140002
374,East Asia and Pacific (excluding high-income countries),,2011,0.394450009
375,East Asia and Pacific (excluding high-income countries),,2012,0.381870002
376,East Asia and Pacific (excluding high-income countries),,2013,0.381839991
377,Ecuador,ECU,2012,0.589470029
378,Egypt,EGY,2003,1.294770002
379,Egypt,EGY,2004,1.285590053
380,Egypt,EGY,2005,1.30625999
381,Egypt,EGY,2006,1.396790028
382,Egypt,EGY,2007,1.40971005
383,Egypt,EGY,2010,1.852390051
384,Egypt,EGY,2013,1.775709987
385,El Salvador,SLV,1998,0.475239992
386,El Salvador,SLV,2000,0.490079999
387,El Salvador,SLV,2001,0.490240008
388,El Salvador,SLV,2002,0.441929996
389,El Salvador,SLV,2003,0.450560004
390,El Salvador,SLV,2005,0.436159998
391,El Salvador,SLV,2006,0.496969998
392,El Salvador,SLV,2007,0.580739975
393,El Salvador,SLV,2008,0.627640009
394,El Salvador,SLV,2009,0.524160028
395,El Salvador,SLV,2010,0.50928998
396,El Salvador,SLV,2011,0.488860011
397,El Salvador,SLV,2012,0.405039996
398,El Salvador,SLV,2013,0.428820014
399,Eritrea,ERI,1999,2.303459883
400,Eritrea,ERI,2000,1.28173995
401,Estonia,EST,1999,1.62887001
402,Estonia,EST,2000,1.609680057
403,Estonia,EST,2001,1.047109962
404,Estonia,EST,2002,0.748579979
405,Estonia,EST,2003,1.713160038
406,Estonia,EST,2004,1.264109969
407,Estonia,EST,2005,1.565819979
408,Estonia,EST,2006,1.553760052
409,Estonia,EST,2007,1.404739976
410,Estonia,EST,2008,1.513910055
411,Estonia,EST,2009,1.58920002
412,Estonia,EST,2010,1.782999992
413,Estonia,EST,2011,2.069080114
414,Estonia,EST,2012,2.326679945
415,Estonia,EST,2013,2.894789934
416,Eswatini,SWZ,1999,2.540980101
417,Eswatini,SWZ,2000,2.300549984
418,Eswatini,SWZ,2002,2.445600033
419,Eswatini,SWZ,2006,2.1433599
420,Eswatini,SWZ,2011,0.887239993
421,Eswatini,SWZ,2013,0.508870006
422,Euro area,,1998,4.719190121
423,Euro area,,1999,4.696229935
424,Euro area,,2000,4.890580177
425,Euro area,,2001,5.083230019
426,Euro area,,2002,5.427760124
427,Euro area,,2003,6.221739769
428,Euro area,,2004,6.064129829
429,Euro area,,2005,5.938610077
430,Euro area,,2006,6.043700218
431,Euro area,,2007,6.267300129
432,Euro area,,2008,6.373410225
433,Euro area,,2009,6.472670078
434,Euro area,,2010,6.642839909
435,Euro area,,2011,6.84815979
436,Euro area,,2012,6.876589775
437,Euro area,,2013,6.783400059
438,Europe and Central Asia,,1998,3.568419933
439,Europe and Central Asia,,1999,3.509619951
440,Europe and Central Asia,,2000,3.431969881
441,Europe and Central Asia,,2001,3.420609951
442,Europe and Central Asia,,2002,3.435570002
443,Europe and Central Asia,,2003,3.667789936
444,Europe and Central Asia,,2004,3.707540035
445,Europe and Central Asia,,2005,3.755439997
446,Europe and Central Asia,,2006,3.745630026
447,Europe and Central Asia,,2007,3.814749956
448,Europe and Central Asia,,2008,4.015120029
449,Europe and Central Asia,,2009,4.099110126
450,Europe and Central Asia,,2010,4.311840057
451,Europe and Central Asia,,2011,4.622159958
452,Europe and Central Asia,,2012,4.776259899
453,Europe and Central Asia,,2013,4.75138998
454,Europe and Central Asia (excluding high-income countries),,1998,1.808130026
455,Europe and Central Asia (excluding high-income countries),,1999,1.791110039
456,Europe and Central Asia (excluding high-income countries),,2000,1.638090014
457,Europe and Central Asia (excluding high-income countries),,2001,1.424880028
458,Europe and Central Asia (excluding high-income countries),,2002,1.469079971
459,Europe and Central Asia (excluding high-income countries),,2003,1.285099983
460,Europe and Central Asia (excluding high-income countries),,2004,1.325219989
461,Europe and Central Asia (excluding high-income countries),,2005,1.480499983
462,Europe and Central Asia (excluding high-income countries),,2006,1.471379995
463,Europe and Central Asia (excluding high-income countries),,2007,1.510929942
464,Europe and Central Asia (excluding high-income countries),,2008,1.60334003
465,Europe and Central Asia (excluding high-income countries),,2009,1.51809001
466,Europe and Central Asia (excluding high-income countries),,2010,1.546640038
467,Europe and Central Asia (excluding high-income countries),,2011,1.608899951
468,Europe and Central Asia (excluding high-income countries),,2012,1.70460999
469,Europe and Central Asia (excluding high-income countries),,2013,1.885589957
470,European Union,,1998,5.078179836
471,European Union,,1999,5.048970222
472,European Union,,2000,5.086420059
473,European Union,,2001,5.148009777
474,European Union,,2002,5.240129948
475,European Union,,2003,5.855360031
476,European Union,,2004,5.853330135
477,European Union,,2005,5.856160164
478,European Union,,2006,5.963170052
479,European Union,,2007,6.203229904
480,European Union,,2008,6.213200092
481,European Union,,2009,6.399069786
482,European Union,,2010,6.706270218
483,European Union,,2011,7.118159771
484,European Union,,2012,7.236569881
485,European Union,,2013,7.313389778
486,Fiji,FJI,2004,32.94218826
487,Finland,FIN,1998,1.732069969
488,Finland,FIN,1999,1.843739986
489,Finland,FIN,2000,2.061549902
490,Finland,FIN,2001,2.248699903
491,Finland,FIN,2002,2.381920099
492,Finland,FIN,2003,2.523789883
493,Finland,FIN,2004,2.639319897
494,Finland,FIN,2005,2.758860111
495,Finland,FIN,2006,3.726619959
496,Finland,FIN,2007,3.255889893
497,Finland,FIN,2008,3.650269985
498,Finland,FIN,2009,4.245490074
499,Finland,FIN,2010,4.643980026
500,Finland,FIN,2011,5.094120026
501,Finland,FIN,2012,5.708849907
502,Finland,FIN,2013,7.073900223
503,France,FRA,1999,6.507919788
504,France,FRA,2000,6.802060127
505,France,FRA,2001,7.254950047
506,France,FRA,2002,8.152899742
507,France,FRA,2003,10.45547009
508,France,FRA,2004,10.99787045
509,France,FRA,2005,10.81282997
510,France,FRA,2006,11.24431992
511,France,FRA,2007,11.31505013
512,France,FRA,2008,11.2465601
513,France,FRA,2009,11.46615982
514,France,FRA,2010,11.57789993
515,France,FRA,2011,11.87069035
516,France,FRA,2012,11.81894016
517,France,FRA,2013,10.2365303
518,Gabon,GAB,1999,5.646999836
519,Gabon,GAB,2001,4.531420231
520,Gabon,GAB,2003,3.691940069
521,Georgia,GEO,1999,0.261979997
522,Georgia,GEO,2000,0.14813
523,Georgia,GEO,2001,0.29866001
524,Georgia,GEO,2002,0.295020014
525,Georgia,GEO,2003,0.27790001
526,Georgia,GEO,2004,0.285050005
527,Georgia,GEO,2005,0.122230001
528,Georgia,GEO,2006,0.099320002
529,Georgia,GEO,2007,0.302899987
530,Georgia,GEO,2008,0.477959991
531,Georgia,GEO,2009,0.524020016
532,Georgia,GEO,2010,0.787159979
533,Georgia,GEO,2011,1.545809984
534,Georgia,GEO,2012,1.680490017
535,Georgia,GEO,2013,3.033370018
536,Georgia,GEO,2014,2.828249931
537,Germany,DEU,2013,7.072589874
538,Ghana,GHA,2007,1.356259942
539,Ghana,GHA,2008,1.44738996
540,Ghana,GHA,2011,1.987669945
541,Ghana,GHA,2012,3.091989994
542,Ghana,GHA,2013,3.044100046
543,Ghana,GHA,2014,3.899869919
544,Greece,GRC,2002,1.627830029
545,Greece,GRC,2003,2.218470097
546,Greece,GRC,2004,2.405499935
547,Greece,GRC,2005,2.426589966
548,Greece,GRC,2006,2.535670042
549,Greece,GRC,2007,3.509949923
550,Greece,GRC,2010,4.180920124
551,Greece,GRC,2011,4.968359947
552,Greece,GRC,2012,4.37127018
553,Greece,GRC,2013,4.186359882
554,Grenada,GRD,2009,63.31290054
555,Guinea,GIN,2004,2.154720068
556,Guinea,GIN,2006,2.10484004
557,Guinea,GIN,2008,0.932410002
558,Guinea,GIN,2011,1.310179949
559,Guinea,GIN,2012,0.919219971
560,Guyana,GUY,2005,0.590820014
561,Guyana,GUY,2007,0.451409996
562,Guyana,GUY,2009,0.519370019
563,Guyana,GUY,2010,0.503840029
564,Guyana,GUY,2011,0.537829995
565,Guyana,GUY,2012,0.383879989
566,Heavily-indebted poor countries,,2008,1.168290019
567,Heavily-indebted poor countries,,2009,1.215399981
568,Heavily-indebted poor countries,,2010,1.204579949
569,Heavily-indebted poor countries,,2011,1.242319942
570,Heavily-indebted poor countries,,2012,1.396759987
571,Heavily-indebted poor countries,,2013,1.387159944
572,High-income countries,,1997,3.585720062
573,High-income countries,,1998,3.607229948
574,High-income countries,,1999,3.593620062
575,High-income countries,,2000,3.657789946
576,High-income countries,,2001,3.71333003
577,High-income countries,,2002,3.925750017
578,High-income countries,,2003,4.148059845
579,High-income countries,,2004,4.159359932
580,High-income countries,,2005,4.213600159
581,High-income countries,,2006,4.233479977
582,High-income countries,,2007,4.369130135
583,High-income countries,,2008,4.545979977
584,High-income countries,,2009,4.7009902
585,High-income countries,,2010,4.850609779
586,High-income countries,,2011,5.051939964
587,High-income countries,,2012,5.200019836
588,High-income countries,,2013,5.346590042
589,Honduras,HND,2003,0.683200002
590,Honduras,HND,2010,0.728760004
591,Honduras,HND,2012,0.904340029
592,Honduras,HND,2013,0.890479982
593,Honduras,HND,2014,0.693470001
594,Hong Kong,HKG,2003,1.819380045
595,Hong Kong,HKG,2004,2.213589907
596,Hong Kong,HKG,2005,2.506340027
597,Hong Kong,HKG,2006,3.157919884
598,Hong Kong,HKG,2007,3.230089903
599,Hong Kong,HKG,2008,2.914319992
600,Hong Kong,HKG,2009,3.635859966
601,Hong Kong,HKG,2010,3.899739981
602,Hong Kong,HKG,2011,6.63888979
603,Hong Kong,HKG,2012,7.819509983
604,Hong Kong,HKG,2013,8.898619652
605,Hong Kong,HKG,2014,9.844010353
606,Hungary,HUN,1998,2.605489969
607,Hungary,HUN,1999,3.17434001
608,Hungary,HUN,2000,3.225310087
609,Hungary,HUN,2001,3.401010036
610,Hungary,HUN,2002,3.324620008
611,Hungary,HUN,2003,3.131230116
612,Hungary,HUN,2004,3.058670044
613,Hungary,HUN,2005,3.119410038
614,Hungary,HUN,2006,3.303149939
615,Hungary,HUN,2007,3.501149893
616,Hungary,HUN,2008,3.736629963
617,Hungary,HUN,2009,3.650680065
618,Hungary,HUN,2010,4.012340069
619,Hungary,HUN,2011,4.311029911
620,Hungary,HUN,2012,4.601359844
621,Hungary,HUN,2013,5.763700008
622,Iceland,ISL,1998,2.395060062
623,Iceland,ISL,1999,2.446229935
624,Iceland,ISL,2000,4.168819904
625,Iceland,ISL,2001,4.13394022
626,Iceland,ISL,2002,4.074590206
627,Iceland,ISL,2003,4.34555006
628,Iceland,ISL,2004,3.32427001
629,Iceland,ISL,2006,4.54805994
630,Iceland,ISL,2007,4.949120045
631,Iceland,ISL,2008,4.329259872
632,Iceland,ISL,2009,4.627930164
633,Iceland,ISL,2010,4.924930096
634,Iceland,ISL,2011,5.83178997
635,Iceland,ISL,2012,6.209750175
636,India,IND,2000,0.074309997
637,India,IND,2001,0.079219997
638,India,IND,2002,0.077009998
639,India,IND,2003,0.068510003
640,India,IND,2004,0.064029999
641,India,IND,2005,0.096019998
642,India,IND,2006,0.096280001
643,India,IND,2011,0.103299998
644,India,IND,2012,0.099179998
645,India,IND,2013,0.122160003
646,Indonesia,IDN,2005,0.055319998
647,Indonesia,IDN,2006,0.129329994
648,Indonesia,IDN,2007,0.139730006
649,Indonesia,IDN,2008,0.121909998
650,Indonesia,IDN,2010,0.128710002
651,Indonesia,IDN,2012,0.116060004
652,Iran,IRN,2003,0.084579997
653,Iran,IRN,2004,0.091619998
654,Iran,IRN,2005,0.090860002
655,Iran,IRN,2006,0.096799999
656,Iran,IRN,2007,0.073959999
657,Iran,IRN,2008,0.036350001
658,Iran,IRN,2009,0.04332
659,Iran,IRN,2010,0.083939999
660,Iran,IRN,2011,0.105460003
661,Iran,IRN,2012,0.10244
662,Iran,IRN,2013,0.161569998
663,Iran,IRN,2014,0.240920007
664,Iraq,IRQ,2000,2.868330002
665,Iraq,IRQ,2004,0.862209976
666,Ireland,IRL,1998,4.835609913
667,Ireland,IRL,1999,4.752639771
668,Ireland,IRL,2000,4.615499973
669,Ireland,IRL,2001,4.926169872
670,Ireland,IRL,2002,5.221899986
671,Ireland,IRL,2003,5.618619919
672,Ireland,IRL,2004,6.742959976
673,Ireland,IRL,2005,6.907660007
674,Ireland,IRL,2006,6.847839832
675,Ireland,IRL,2007,8.803830147
676,Ireland,IRL,2008,7.166779995
677,Ireland,IRL,2009,7.08453989
678,Ireland,IRL,2010,6.952770233
679,Ireland,IRL,2011,10.70594025
680,Ireland,IRL,2012,5.761829853
681,Ireland,IRL,2013,6.4489398
682,Israel,ISR,2010,0.802489996
683,Israel,ISR,2011,1.079130054
684,Israel,ISR,2012,1.188349962
685,Italy,ITA,1999,1.307340026
686,Italy,ITA,2000,1.408419967
687,Italy,ITA,2001,1.61274004
688,Italy,ITA,2002,1.534190059
689,Italy,ITA,2003,1.888669968
690,Italy,ITA,2004,2.045860052
691,Italy,ITA,2005,2.229330063
692,Italy,ITA,2006,2.419389963
693,Italy,ITA,2007,2.816179991
694,Italy,ITA,2008,3.391799927
695,Italy,ITA,2009,3.274470091
696,Italy,ITA,2010,3.529839993
697,Italy,ITA,2011,3.739840031
698,Italy,ITA,2012,4.036079884
699,Italy,ITA,2013,4.402750015
700,Jamaica,JAM,1999,2.852560043
701,Jamaica,JAM,2000,2.21420002
702,Japan,JPN,1998,1.40655005
703,Japan,JPN,1999,1.435050011
704,Japan,JPN,2000,1.498990059
705,Japan,JPN,2001,1.601950049
706,Japan,JPN,2002,1.888030052
707,Japan,JPN,2003,2.171089888
708,Japan,JPN,2004,2.924469948
709,Japan,JPN,2005,3.118069887
710,Japan,JPN,2006,3.185519934
711,Japan,JPN,2007,3.121469975
712,Japan,JPN,2008,3.213500023
713,Japan,JPN,2009,3.396780014
714,Japan,JPN,2010,3.691020012
715,Japan,JPN,2011,3.90309
716,Japan,JPN,2012,3.877249956
717,Japan,JPN,2013,3.515710115
718,Jordan,JOR,2000,8.548419952
719,Jordan,JOR,2003,8.494589806
720,Jordan,JOR,2004,10.85536957
721,Jordan,JOR,2005,9.861680031
722,Jordan,JOR,2006,9.772239685
723,Jordan,JOR,2007,9.730330467
724,Jordan,JOR,2008,10.45604992
725,Jordan,JOR,2009,10.37279034
726,Jordan,JOR,2010,11.11133957
727,Jordan,JOR,2011,9.931630135
728,Jordan,JOR,2012,9.109020233
729,Kazakhstan,KAZ,1999,2.330310106
730,Kazakhstan,KAZ,2000,1.973369956
731,Kazakhstan,KAZ,2006,1.240990043
732,Kazakhstan,KAZ,2012,1.089630008
733,Kazakhstan,KAZ,2013,1.114590049
734,Kazakhstan,KAZ,2014,2.658230066
735,Kazakhstan,KAZ,2015,1.515310049
736,Kyrgyzstan,KGZ,2001,4.181980133
737,Kyrgyzstan,KGZ,2002,5.69715023
738,Kyrgyzstan,KGZ,2003,6.682310104
739,Kyrgyzstan,KGZ,2004,7.9176898
740,Kyrgyzstan,KGZ,2005,10.68900967
741,Kyrgyzstan,KGZ,2006,11.7003603
742,Kyrgyzstan,KGZ,2007,11.36478043
743,Kyrgyzstan,KGZ,2008,9.429089546
744,Kyrgyzstan,KGZ,2009,7.5792799
745,Kyrgyzstan,KGZ,2010,6.303170204
746,Kyrgyzstan,KGZ,2013,3.957429886
747,Laos,LAO,1999,0.654190004
748,Laos,LAO,2000,0.530070007
749,Laos,LAO,2001,0.74052
750,Laos,LAO,2002,0.56042999
751,Laos,LAO,2003,0.337870002
752,Laos,LAO,2004,0.636849999
753,Laos,LAO,2005,0.366899997
754,Laos,LAO,2006,0.306789994
755,Laos,LAO,2007,0.338649988
756,Laos,LAO,2008,0.37112999
757,Laos,LAO,2009,0.599960029
758,Laos,LAO,2010,0.612869978
759,Laos,LAO,2011,0.62717998
760,Laos,LAO,2012,0.465510011
761,Laos,LAO,2013,0.231230006
762,Laos,LAO,2014,0.41001001
763,Latin America and the Caribbean,,1998,0.470490009
764,Latin America and the Caribbean,,1999,0.436659992
765,Latin America and the Caribbean,,2000,0.43107
766,Latin America and the Caribbean,,2001,0.434650004
767,Latin America and the Caribbean,,2002,0.421350002
768,Latin America and the Caribbean,,2003,0.446390003
769,Latin America and the Caribbean,,2004,0.397810012
770,Latin America and the Caribbean,,2005,0.390700012
771,Latin America and the Caribbean,,2006,0.399399996
772,Latin America and the Caribbean,,2007,0.476520002
773,Latin America and the Caribbean,,2008,0.493229985
774,Latin America and the Caribbean,,2009,0.48032999
775,Latin America and the Caribbean,,2010,0.464130014
776,Latin America and the Caribbean,,2011,0.406210005
777,Latin America and the Caribbean,,2012,0.383859992
778,Latin America and the Caribbean,,2013,0.379370004
779,Latin America and the Caribbean (excluding high-income countries),,1998,0.438670009
780,Latin America and the Caribbean (excluding high-income countries),,1999,0.406520009
781,Latin America and the Caribbean (excluding high-income countries),,2000,0.381819993
782,Latin America and the Caribbean (excluding high-income countries),,2001,0.384820014
783,Latin America and the Caribbean (excluding high-income countries),,2002,0.369670004
784,Latin America and the Caribbean (excluding high-income countries),,2003,0.399360001
785,Latin America and the Caribbean (excluding high-income countries),,2004,0.362960011
786,Latin America and the Caribbean (excluding high-income countries),,2005,0.37026
787,Latin America and the Caribbean (excluding high-income countries),,2006,0.362190008
788,Latin America and the Caribbean (excluding high-income countries),,2007,0.432330012
789,Latin America and the Caribbean (excluding high-income countries),,2008,0.431439996
790,Latin America and the Caribbean (excluding high-income countries),,2009,0.443289995
791,Latin America and the Caribbean (excluding high-income countries),,2010,0.418749988
792,Latin America and the Caribbean (excluding high-income countries),,2011,0.391710013
793,Latin America and the Caribbean (excluding high-income countries),,2012,0.366560012
794,Latin America and the Caribbean (excluding high-income countries),,2013,0.365040004
795,Latvia,LVA,1999,2.251290083
796,Latvia,LVA,2000,6.566410065
797,Latvia,LVA,2001,7.702640057
798,Latvia,LVA,2002,2.951129913
799,Latvia,LVA,2003,2.009350061
800,Latvia,LVA,2004,1.016800046
801,Latvia,LVA,2005,1.283030033
802,Latvia,LVA,2007,1.106590033
803,Latvia,LVA,2008,1.154510021
804,Latvia,LVA,2009,1.265949965
805,Latvia,LVA,2010,1.563509941
806,Latvia,LVA,2011,1.905519962
807,Latvia,LVA,2012,2.798820019
808,Latvia,LVA,2013,3.710020065
809,Least-developed countries,,2001,1.313040018
810,Least-developed countries,,2002,1.24319005
811,Least-developed countries,,2003,1.15636003
812,Least-developed countries,,2004,1.120859981
813,Least-developed countries,,2005,1.026720047
814,Least-developed countries,,2006,0.933000028
815,Least-developed countries,,2007,0.848469973
816,Least-developed countries,,2008,0.798979998
817,Least-developed countries,,2009,0.815909982
818,Least-developed countries,,2010,0.804409981
819,Least-developed countries,,2011,0.761870027
820,Least-developed countries,,2012,0.779209971
821,Lebanon,LBN,1999,13.7990799
822,Lebanon,LBN,2000,12.07439995
823,Lebanon,LBN,2001,11.02091026
824,Lebanon,LBN,2002,10.62322044
825,Lebanon,LBN,2003,8.476220131
826,Lebanon,LBN,2004,9.008310318
827,Lebanon,LBN,2005,8.491519928
828,Lebanon,LBN,2006,9.934559822
829,Lebanon,LBN,2007,12.12156963
830,Lebanon,LBN,2010,15.04164028
831,Lebanon,LBN,2011,15.29990959
832,Lebanon,LBN,2012,12.81610966
833,Lebanon,LBN,2014,7.641270161
834,Lesotho,LSO,1999,24.34502983
835,Lesotho,LSO,2003,1.899150014
836,Lesotho,LSO,2006,0.623529971
837,Lesotho,LSO,2012,0.497900009
838,Lesotho,LSO,2013,0.432020009
839,Lesotho,LSO,2014,0.394989997
840,Liechtenstein,LIE,2004,77.44361115
841,Liechtenstein,LIE,2006,90.09433746
842,Liechtenstein,LIE,2007,86.47844696
843,Liechtenstein,LIE,2008,81.625
844,Liechtenstein,LIE,2009,74.40318298
845,Liechtenstein,LIE,2010,75.2223587
846,Liechtenstein,LIE,2011,78.96340942
847,Liechtenstein,LIE,2012,80.625
848,Lithuania,LTU,1999,0.444059998
849,Lithuania,LTU,2000,0.442149997
850,Lithuania,LTU,2001,0.462029994
851,Lithuania,LTU,2002,0.459710002
852,Lithuania,LTU,2003,0.411080003
853,Lithuania,LTU,2004,0.404040009
854,Lithuania,LTU,2005,0.438580006
855,Lithuania,LTU,2006,0.614979982
856,Lithuania,LTU,2007,0.951189995
857,Lithuania,LTU,2008,1.443099976
858,Lithuania,LTU,2009,1.340010047
859,Lithuania,LTU,2010,1.476359963
860,Lithuania,LTU,2011,1.60540998
861,Lithuania,LTU,2012,1.792469978
862,Lithuania,LTU,2013,2.451550007
863,Low and middle-income countries,,1999,0.751609981
864,Low and middle-income countries,,2000,0.728980005
865,Low and middle-income countries,,2001,0.646430016
866,Low and middle-income countries,,2002,0.637000024
867,Low and middle-income countries,,2003,0.589119971
868,Low and middle-income countries,,2004,0.558309972
869,Low and middle-income countries,,2005,0.558279991
870,Low and middle-income countries,,2006,0.549489975
871,Low and middle-income countries,,2007,0.568830013
872,Low and middle-income countries,,2008,0.588090003
873,Low and middle-income countries,,2009,0.598479986
874,Low and middle-income countries,,2010,0.604139984
875,Low and middle-income countries,,2011,0.58484
876,Low and middle-income countries,,2012,0.553650022
877,Low and middle-income countries,,2013,0.572960019
878,Low-income countries,,2001,1.063109994
879,Low-income countries,,2002,1.060299993
880,Low-income countries,,2003,0.938369989
881,Low-income countries,,2004,0.917819977
882,Low-income countries,,2005,0.828700006
883,Low-income countries,,2006,0.767170012
884,Low-income countries,,2007,0.743640006
885,Low-income countries,,2008,0.694630027
886,Low-income countries,,2009,0.707819998
887,Low-income countries,,2010,0.693650007
888,Low-income countries,,2011,0.639970005
889,Low-income countries,,2012,0.659049988
890,Lower-middle-income countries,,1999,0.439300001
891,Lower-middle-income countries,,2000,0.386619985
892,Lower-middle-income countries,,2001,0.361180007
893,Lower-middle-income countries,,2002,0.373149991
894,Lower-middle-income countries,,2003,0.367799997
895,Lower-middle-income countries,,2004,0.360529989
896,Lower-middle-income countries,,2005,0.417670012
897,Lower-middle-income countries,,2006,0.444900006
898,Lower-middle-income countries,,2007,0.432339996
899,Lower-middle-income countries,,2008,0.420859993
900,Lower-middle-income countries,,2009,0.421240002
901,Lower-middle-income countries,,2010,0.409350008
902,Lower-middle-income countries,,2011,0.374900013
903,Lower-middle-income countries,,2012,0.369230002
904,Lower-middle-income countries,,2013,0.376910001
905,Luxembourg,LUX,1999,26.09044075
906,Luxembourg,LUX,2006,42.23625946
907,Luxembourg,LUX,2008,43.80604172
908,Luxembourg,LUX,2010,41.40625
909,Luxembourg,LUX,2012,40.55875015
910,Macao,MAC,2001,54.1297493
911,Macao,MAC,2002,64.12078857
912,Macao,MAC,2003,66.76689911
913,Macao,MAC,2004,58.94419098
914,Macao,MAC,2005,54.27412033
915,Macao,MAC,2006,51.89558029
916,Macao,MAC,2007,49.98323822
917,Macao,MAC,2008,49.78155899
918,Macao,MAC,2009,49.84550858
919,Macao,MAC,2010,45.82711029
920,Macao,MAC,2011,44.63777161
921,Macao,MAC,2012,31.53334045
922,Macao,MAC,2013,33.57934952
923,Macao,MAC,2014,36.82801819
924,Madagascar,MDG,1999,3.474030018
925,Madagascar,MDG,2002,3.755680084
926,Madagascar,MDG,2004,2.892529964
927,Madagascar,MDG,2005,2.727600098
928,Madagascar,MDG,2006,2.379230022
929,Madagascar,MDG,2007,1.852069974
930,Madagascar,MDG,2008,1.717440009
931,Madagascar,MDG,2009,1.806890011
932,Madagascar,MDG,2010,1.763739944
933,Madagascar,MDG,2011,1.673910022
934,Madagascar,MDG,2012,1.736580014
935,Madagascar,MDG,2013,1.745380044
936,Malawi,MWI,2010,1.136360049
937,Malaysia,MYS,1998,0.706690013
938,Malaysia,MYS,1999,0.74109
939,Malaysia,MYS,2000,3.439879894
940,Malaysia,MYS,2001,2.958080053
941,Malaysia,MYS,2002,4.385670185
942,Malaysia,MYS,2003,4.189070225
943,Malaysia,MYS,2004,3.206370115
944,Malaysia,MYS,2006,3.310060024
945,Malaysia,MYS,2007,3.798239946
946,Malaysia,MYS,2008,4.479320049
947,Malaysia,MYS,2009,5.778389931
948,Malaysia,MYS,2010,6.100220203
949,Malaysia,MYS,2011,6.139309883
950,Malaysia,MYS,2012,5.220049858
951,Malaysia,MYS,2013,3.624049902
952,Mali,MLI,1999,6.542709827
953,Mali,MLI,2000,6.54144001
954,Mali,MLI,2011,0.527079999
955,Malta,MLT,1999,4.367320061
956,Malta,MLT,2000,5.558189869
957,Malta,MLT,2001,4.580979824
958,Malta,MLT,2002,4.82159996
959,Malta,MLT,2003,4.571879864
960,Malta,MLT,2004,5.61841011
961,Malta,MLT,2005,6.408219814
962,Malta,MLT,2006,7.162069798
963,Malta,MLT,2007,6.18693018
964,Malta,MLT,2008,4.613599777
965,Malta,MLT,2009,4.337329865
966,Malta,MLT,2011,4.098859787
967,Malta,MLT,2012,4.84307003
968,Malta,MLT,2013,5.058060169
969,Malta,MLT,2014,5.860429764
970,Marshall Islands,MHL,2012,0.97744
971,Mauritania,MRT,1999,5.055850029
972,Mauritania,MRT,2002,3.792979956
973,Mauritania,MRT,2003,2.013200045
974,Mauritius,MUS,2004,0.425480008
975,Mauritius,MUS,2006,0.252009988
976,Mauritius,MUS,2009,1.558359981
977,Mauritius,MUS,2010,1.782989979
978,Mauritius,MUS,2011,1.768509984
979,Mauritius,MUS,2012,2.30050993
980,Mauritius,MUS,2013,2.868740082
981,Mauritius,MUS,2014,3.821340084
982,Mexico,MEX,1999,0.124760002
983,Mexico,MEX,2001,0.09488
984,Mexico,MEX,2002,0.088119999
985,Mexico,MEX,2013,0.243000001
986,Middle East and North Africa,,2002,2.139179945
987,Middle East and North Africa,,2003,2.082429886
988,Middle East and North Africa,,2004,1.93185997
989,Middle East and North Africa,,2005,1.82562995
990,Middle East and North Africa,,2006,1.822919965
991,Middle East and North Africa,,2007,1.810389996
992,Middle East and North Africa,,2008,1.80795002
993,Middle East and North Africa,,2009,1.917279959
994,Middle East and North Africa,,2010,1.960749984
995,Middle East and North Africa,,2011,2.024869919
996,Middle East and North Africa,,2012,1.995949984
997,Middle East and North Africa,,2013,2.159260035
998,Middle East and North Africa (excluding high-income countries),,2002,1.278079987
999,Middle East and North Africa (excluding high-income countries),,2003,1.198539972
1000,Middle East and North Africa (excluding high-income countries),,2004,1.252539992
1001,Middle East and North Africa (excluding high-income countries),,2005,1.163840055
1002,Middle East and North Africa (excluding high-income countries),,2006,1.192399979
1003,Middle East and North Africa (excluding high-income countries),,2007,1.190639973
1004,Middle East and North Africa (excluding high-income countries),,2008,1.212000012
1005,Middle East and North Africa (excluding high-income countries),,2009,1.28508997
1006,Middle East and North Africa (excluding high-income countries),,2010,1.317260027
1007,Middle East and North Africa (excluding high-income countries),,2011,1.317899942
1008,Middle East and North Africa (excluding high-income countries),,2012,1.224400043
1009,Middle East and North Africa (excluding high-income countries),,2013,1.251909971
1010,Middle-income countries,,1998,0.732360005
1011,Middle-income countries,,1999,0.718360007
1012,Middle-income countries,,2000,0.701030016
1013,Middle-income countries,,2001,0.625169992
1014,Middle-income countries,,2002,0.616439998
1015,Middle-income countries,,2003,0.572539985
1016,Middle-income countries,,2004,0.542150021
1017,Middle-income countries,,2005,0.54598999
1018,Middle-income countries,,2006,0.539380014
1019,Middle-income countries,,2007,0.560599983
1020,Middle-income countries,,2008,0.582899988
1021,Middle-income countries,,2009,0.59276998
1022,Middle-income countries,,2010,0.599170029
1023,Middle-income countries,,2011,0.581719995
1024,Middle-income countries,,2012,0.547749996
1025,Middle-income countries,,2013,0.569949985
1026,Moldova,MDA,1999,1.636890054
1027,Moldova,MDA,2000,1.886590004
1028,Moldova,MDA,2001,2.507169962
1029,Moldova,MDA,2002,2.700239897
1030,Moldova,MDA,2003,2.11751008
1031,Moldova,MDA,2004,2.085330009
1032,Moldova,MDA,2005,1.736860037
1033,Moldova,MDA,2006,1.340520024
1034,Moldova,MDA,2007,1.267779946
1035,Moldova,MDA,2008,1.123250008
1036,Moldova,MDA,2009,1.081050038
1037,Moldova,MDA,2010,1.209210038
1038,Moldova,MDA,2011,1.249729991
1039,Moldova,MDA,2012,1.550680041
1040,Moldova,MDA,2013,1.883000016
1041,Mongolia,MNG,1999,0.447360009
1042,Mongolia,MNG,2000,0.312059999
1043,Mongolia,MNG,2001,0.282449991
1044,Mongolia,MNG,2003,0.19382
1045,Mongolia,MNG,2004,0.384409994
1046,Mongolia,MNG,2005,0.615390003
1047,Mongolia,MNG,2006,0.775259972
1048,Mongolia,MNG,2007,0.780139983
1049,Mongolia,MNG,2008,0.796530008
1050,Mongolia,MNG,2009,0.681800008
1051,Mongolia,MNG,2010,0.600839972
1052,Mongolia,MNG,2011,0.60702002
1053,Mongolia,MNG,2012,0.608550012
1054,Mongolia,MNG,2013,0.62142998
1055,Mongolia,MNG,2014,0.644959986
1056,Morocco,MAR,1999,1.533769965
1057,Morocco,MAR,2000,1.522830009
1058,Morocco,MAR,2001,1.445970058
1059,Morocco,MAR,2003,1.522019982
1060,Morocco,MAR,2004,1.856619954
1061,Morocco,MAR,2005,1.348909974
1062,Morocco,MAR,2006,1.567289948
1063,Morocco,MAR,2007,1.901419997
1064,Morocco,MAR,2008,1.882740021
1065,Morocco,MAR,2009,1.890050054
1066,Morocco,MAR,2010,1.924679995
1067,Mozambique,MOZ,2011,0.349009991
1068,Mozambique,MOZ,2013,0.303730011
1069,Mozambique,MOZ,2014,0.369690001
1070,Myanmar,MMR,2007,0.01123
1071,Myanmar,MMR,2011,0.00986
1072,Myanmar,MMR,2012,0.015769999
1073,Namibia,NAM,2002,8.440620422
1074,Namibia,NAM,2003,8.703769684
1075,Namibia,NAM,2005,6.317259789
1076,Namibia,NAM,2006,1.433449984
1077,Namibia,NAM,2008,10.16897964
1078,Nepal,NPL,2009,0.032839999
1079,Nepal,NPL,2011,0.027760001
1080,Netherlands,NLD,1999,2.898370028
1081,Netherlands,NLD,2000,2.873379946
1082,Netherlands,NLD,2001,3.291189909
1083,Netherlands,NLD,2002,3.652309895
1084,Netherlands,NLD,2003,3.897550106
1085,Netherlands,NLD,2004,4.813059807
1086,Netherlands,NLD,2005,4.670410156
1087,Netherlands,NLD,2006,4.664589882
1088,Netherlands,NLD,2007,4.651420116
1089,Netherlands,NLD,2008,4.989659786
1090,Netherlands,NLD,2009,3.827640057
1091,Netherlands,NLD,2010,4.296790123
1092,Netherlands,NLD,2011,4.918759823
1093,Netherlands,NLD,2012,7.245510101
1094,New Zealand,NZL,1998,3.665489912
1095,New Zealand,NZL,1999,4.124129772
1096,New Zealand,NZL,2000,4.774310112
1097,New Zealand,NZL,2001,6.231349945
1098,New Zealand,NZL,2002,9.579739571
1099,New Zealand,NZL,2003,13.48211002
1100,New Zealand,NZL,2004,17.01633072
1101,New Zealand,NZL,2005,16.9903698
1102,New Zealand,NZL,2007,13.61919975
1103,New Zealand,NZL,2008,12.91767979
1104,New Zealand,NZL,2009,14.58057976
1105,New Zealand,NZL,2010,14.22743988
1106,New Zealand,NZL,2011,15.57944965
1107,New Zealand,NZL,2012,15.79232979
1108,New Zealand,NZL,2013,16.11515045
1109,Niger,NER,2004,1.550029993
1110,Niger,NER,2007,1.886100054
1111,Niger,NER,2009,6.415709972
1112,Niger,NER,2010,6.580490112
1113,Niger,NER,2011,6.601920128
1114,Niger,NER,2012,5.426390171
1115,North America,,1997,3.010489941
1116,North America,,1998,3.170249939
1117,North America,,1999,3.231760025
1118,North America,,2000,3.549459934
1119,North America,,2001,3.493989944
1120,North America,,2002,3.683680058
1121,North America,,2003,3.610640049
1122,North America,,2004,3.506479979
1123,North America,,2005,3.550659895
1124,North America,,2006,3.475749969
1125,North America,,2007,3.610100031
1126,North America,,2008,3.666349888
1127,North America,,2009,3.697230101
1128,North America,,2010,3.630559921
1129,North America,,2011,3.709990025
1130,North America,,2012,3.915100098
1131,North America,,2013,4.308650017
1132,North Korea,PRK,2009,0.080920003
1133,North Macedonia,MKD,1999,0.793940008
1134,North Macedonia,MKD,2000,0.650020003
1135,North Macedonia,MKD,2001,0.424890012
1136,North Macedonia,MKD,2002,0.301950008
1137,North Macedonia,MKD,2003,0.247679994
1138,North Macedonia,MKD,2004,0.315200001
1139,North Macedonia,MKD,2005,0.551010013
1140,North Macedonia,MKD,2006,0.386619985
1141,North Macedonia,MKD,2007,1.518929958
1142,North Macedonia,MKD,2008,2.042619944
1143,North Macedonia,MKD,2009,2.194789886
1144,North Macedonia,MKD,2012,2.166840076
1145,North Macedonia,MKD,2013,2.160439968
1146,Norway,NOR,1998,4.544710159
1147,Norway,NOR,1999,4.802589893
1148,Norway,NOR,2000,4.555809975
1149,Norway,NOR,2001,4.648149967
1150,Norway,NOR,2002,4.823309898
1151,Norway,NOR,2003,5.207280159
1152,Norway,NOR,2004,5.794849873
1153,Norway,NOR,2005,6.263440132
1154,Norway,NOR,2006,6.658720016
1155,Norway,NOR,2007,7.256189823
1156,Norway,NOR,2008,7.572219849
1157,Norway,NOR,2009,7.983779907
1158,Norway,NOR,2010,7.003369808
1159,Norway,NOR,2011,7.237649918
1160,Norway,NOR,2012,7.746490002
1161,Norway,NOR,2013,3.615279913
1162,OECD Member countries,,1997,3.498029947
1163,OECD Member countries,,1998,3.543329954
1164,OECD Member countries,,1999,3.571160078
1165,OECD Member countries,,2000,3.660480022
1166,OECD Member countries,,2001,3.712949991
1167,OECD Member countries,,2002,3.97935009
1168,OECD Member countries,,2003,4.231659889
1169,OECD Member countries,,2004,4.253389835
1170,OECD Member countries,,2005,4.3134799
1171,OECD Member countries,,2006,4.352089882
1172,OECD Member countries,,2007,4.54020977
1173,OECD Member countries,,2008,4.593850136
1174,OECD Member countries,,2009,4.72052002
1175,OECD Member countries,,2010,4.761829853
1176,OECD Member countries,,2011,4.876609802
1177,OECD Member countries,,2012,4.908520222
1178,OECD Member countries,,2013,5.01376009
1179,Oman,OMN,2006,0.375290006
1180,Oman,OMN,2007,0.268079996
1181,Oman,OMN,2008,2.192470074
1182,Oman,OMN,2009,1.899230003
1183,Oman,OMN,2010,2.28918004
1184,Oman,OMN,2011,2.362430096
1185,Oman,OMN,2013,2.634419918
1186,Oman,OMN,2014,3.035759926
1187,Pakistan,PAK,2003,0.096989997
1188,Palau,PLW,2001,2.291670084
1189,Palau,PLW,2013,22.82735062
1190,Palestine,PSE,1999,4.17911005
1191,Palestine,PSE,2000,1.091179967
1192,Palestine,PSE,2001,0.469309986
1193,Papua New Guinea,PNG,1998,3.22548008
1194,Philippines,PHL,1999,0.159099996
1195,Philippines,PHL,2001,0.095519997
1196,Philippines,PHL,2002,0.105740003
1197,Philippines,PHL,2003,0.195449993
1198,Philippines,PHL,2004,0.144360006
1199,Philippines,PHL,2005,0.201279998
1200,Philippines,PHL,2006,0.206760004
1201,Philippines,PHL,2008,0.100510001
1202,Poland,POL,1998,0.46972999
1203,Poland,POL,1999,0.406910002
1204,Poland,POL,2000,0.38725999
1205,Poland,POL,2001,0.375160009
1206,Poland,POL,2002,0.387140006
1207,Poland,POL,2003,0.383590013
1208,Poland,POL,2004,0.397100002
1209,Poland,POL,2005,0.480859995
1210,Poland,POL,2006,0.52967
1211,Poland,POL,2007,0.60650003
1212,Poland,POL,2008,0.690909982
1213,Poland,POL,2009,0.789579988
1214,Poland,POL,2010,0.854290009
1215,Poland,POL,2011,0.99555999
1216,Poland,POL,2012,1.172019958
1217,Poland,POL,2013,1.459489942
1218,Portugal,PRT,2000,2.990540028
1219,Portugal,PRT,2002,3.956619978
1220,Portugal,PRT,2003,3.862730026
1221,Portugal,PRT,2004,4.089220047
1222,Portugal,PRT,2005,4.465310097
1223,Portugal,PRT,2006,4.649179935
1224,Portugal,PRT,2007,4.894619942
1225,Portugal,PRT,2008,2.149539948
1226,Portugal,PRT,2009,2.44904995
1227,Portugal,PRT,2010,2.876230001
1228,Portugal,PRT,2011,3.37045002
1229,Portugal,PRT,2012,4.746679783
1230,Portugal,PRT,2013,3.91940999
1231,Qatar,QAT,2001,20.70952988
1232,Qatar,QAT,2002,21.00625992
1233,Qatar,QAT,2003,20.86634064
1234,Qatar,QAT,2004,12.59825993
1235,Qatar,QAT,2005,24.51799011
1236,Qatar,QAT,2008,36.22159958
1237,Qatar,QAT,2009,36.53392029
1238,Qatar,QAT,2010,39.13042831
1239,Qatar,QAT,2011,40.30744934
1240,Qatar,QAT,2012,41.43402863
1241,Qatar,QAT,2013,40.70901871
1242,Qatar,QAT,2014,39.90496826
1243,Romania,ROU,1999,3.256890059
1244,Romania,ROU,2000,2.781800032
1245,Romania,ROU,2001,2.188679934
1246,Romania,ROU,2002,1.821990013
1247,Romania,ROU,2003,1.511080027
1248,Romania,ROU,2004,1.529199958
1249,Romania,ROU,2005,1.463439941
1250,Romania,ROU,2006,1.028419971
1251,Romania,ROU,2007,1.010910034
1252,Romania,ROU,2008,1.311439991
1253,Romania,ROU,2009,0.944459975
1254,Romania,ROU,2010,1.346539974
1255,Romania,ROU,2011,1.843799949
1256,Romania,ROU,2013,3.487950087
1257,Russia,RUS,2000,0.650889993
1258,Russia,RUS,2001,0.894339979
1259,Russia,RUS,2002,0.88805002
1260,Russia,RUS,2003,0.798420012
1261,Russia,RUS,2004,0.880620003
1262,Russia,RUS,2005,1.004639983
1263,Russia,RUS,2006,0.844720006
1264,Russia,RUS,2007,0.64339
1265,Russia,RUS,2008,1.448070049
1266,Russia,RUS,2009,1.390020013
1267,Russia,RUS,2011,1.917459965
1268,Russia,RUS,2012,2.174930096
1269,Russia,RUS,2013,1.839709997
1270,Rwanda,RWA,1999,1.144770026
1271,Rwanda,RWA,2001,0.718640029
1272,Rwanda,RWA,2012,0.763559997
1273,Rwanda,RWA,2013,0.955649972
1274,Saint Kitts and Nevis,KNA,2014,73.23365784
1275,Saint Lucia,LCA,2006,5.712530136
1276,Saint Lucia,LCA,2007,6.536859989
1277,Saint Lucia,LCA,2008,9.080329895
1278,Saint Lucia,LCA,2009,7.367670059
1279,Saint Lucia,LCA,2010,16.77647972
1280,Saint Lucia,LCA,2011,11.29339981
1281,Saint Lucia,LCA,2012,19.31074905
1282,Saint Lucia,LCA,2013,16.53746986
1283,Saint Lucia,LCA,2014,22.79151917
1284,Samoa,WSM,1998,7.422399998
1285,Samoa,WSM,1999,5.291289806
1286,Samoa,WSM,2000,11.16751003
1287,Saudi Arabia,SAU,1999,1.63812995
1288,Saudi Arabia,SAU,2000,1.871099949
1289,Saudi Arabia,SAU,2003,4.072569847
1290,Saudi Arabia,SAU,2004,2.125989914
1291,Saudi Arabia,SAU,2005,2.152970076
1292,Saudi Arabia,SAU,2006,2.150540113
1293,Saudi Arabia,SAU,2007,2.62687993
1294,Saudi Arabia,SAU,2008,2.619329929
1295,Saudi Arabia,SAU,2009,2.626919985
1296,Saudi Arabia,SAU,2010,2.973880053
1297,Saudi Arabia,SAU,2011,3.41940999
1298,Saudi Arabia,SAU,2012,3.861170053
1299,Saudi Arabia,SAU,2013,4.580780029
1300,Saudi Arabia,SAU,2014,4.795320034
1301,Senegal,SEN,1999,4.419340134
1302,Serbia,SRB,2007,2.927400112
1303,Serbia,SRB,2008,4.738679886
1304,Serbia,SRB,2009,4.411290169
1305,Serbia,SRB,2010,4.181729794
1306,Serbia,SRB,2011,3.606509924
1307,Serbia,SRB,2012,3.855200052
1308,Serbia,SRB,2013,3.737260103
1309,Serbia,SRB,2014,3.670609951
1310,Singapore,SGP,2009,20.33942032
1311,Singapore,SGP,2010,22.78000069
1312,Singapore,SGP,2011,20.22660065
1313,Singapore,SGP,2012,21.74497032
1314,Singapore,SGP,2013,19.16522026
1315,Slovakia,SVK,2000,1.155140042
1316,Slovakia,SVK,2001,1.174350023
1317,Slovakia,SVK,2002,1.079630017
1318,Slovakia,SVK,2003,1.044350028
1319,Slovakia,SVK,2004,0.940079987
1320,Slovakia,SVK,2005,0.88578999
1321,Slovakia,SVK,2006,0.814880013
1322,Slovakia,SVK,2007,0.872210026
1323,Slovakia,SVK,2008,2.264709949
1324,Slovakia,SVK,2009,2.685570002
1325,Slovakia,SVK,2010,3.388109922
1326,Slovakia,SVK,2011,3.865580082
1327,Slovakia,SVK,2012,4.094890118
1328,Slovakia,SVK,2013,4.859620094
1329,Slovenia,SVN,1999,0.82652998
1330,Slovenia,SVN,2000,0.928219974
1331,Slovenia,SVN,2001,0.944320023
1332,Slovenia,SVN,2002,0.958530009
1333,Slovenia,SVN,2003,0.94915998
1334,Slovenia,SVN,2004,0.850610018
1335,Slovenia,SVN,2005,0.969460011
1336,Slovenia,SVN,2006,0.948660016
1337,Slovenia,SVN,2007,1.030670047
1338,Slovenia,SVN,2008,1.178920031
1339,Slovenia,SVN,2009,1.775490046
1340,Slovenia,SVN,2010,1.683599949
1341,Slovenia,SVN,2011,1.844419956
1342,Slovenia,SVN,2012,2.266279936
1343,Slovenia,SVN,2013,2.623179913
1344,South Africa,ZAF,2012,4.194009781
1345,South Africa,ZAF,2013,4.089540005
1346,South Asia,,1999,0.086369999
1347,South Asia,,2000,0.076779999
1348,South Asia,,2001,0.079630002
1349,South Asia,,2002,0.077500001
1350,South Asia,,2003,0.069920003
1351,South Asia,,2004,0.067550004
1352,South Asia,,2005,0.093139999
1353,South Asia,,2006,0.093500003
1354,South Asia,,2007,0.096929997
1355,South Asia,,2008,0.101510003
1356,South Asia,,2009,0.109200001
1357,South Asia,,2010,0.109470002
1358,South Asia,,2011,0.097039998
1359,South Asia,,2012,0.092649996
1360,South Asia,,2013,0.09347
1361,South Korea,KOR,1998,0.096270002
1362,South Korea,KOR,1999,0.101099998
1363,South Korea,KOR,2000,0.112300001
1364,South Korea,KOR,2001,0.123010002
1365,South Korea,KOR,2002,0.154390007
1366,South Korea,KOR,2003,0.243310004
1367,South Korea,KOR,2004,0.334210008
1368,South Korea,KOR,2005,0.482740015
1369,South Korea,KOR,2006,0.694750011
1370,South Korea,KOR,2007,0.995549977
1371,South Korea,KOR,2008,1.258370042
1372,South Korea,KOR,2009,1.55411005
1373,South Korea,KOR,2010,1.810490012
1374,South Korea,KOR,2011,1.867540002
1375,South Korea,KOR,2013,1.771780014
1376,South Korea,KOR,2014,1.661630034
1377,Spain,ESP,1999,1.844329953
1378,Spain,ESP,2000,2.224669933
1379,Spain,ESP,2001,2.178529978
1380,Spain,ESP,2002,2.447669983
1381,Spain,ESP,2003,2.914200068
1382,Spain,ESP,2004,0.817979991
1383,Spain,ESP,2005,0.97687
1384,Spain,ESP,2006,1.017519951
1385,Spain,ESP,2007,1.816089988
1386,Spain,ESP,2008,2.118230104
1387,Spain,ESP,2009,2.694139957
1388,Spain,ESP,2010,2.981309891
1389,Spain,ESP,2011,3.21130991
1390,Spain,ESP,2012,2.836410046
1391,Spain,ESP,2013,2.861819983
1392,Sri Lanka,LKA,2011,0.179529995
1393,Sri Lanka,LKA,2012,0.138180003
1394,Sri Lanka,LKA,2013,0.27403
1395,Sri Lanka,LKA,2014,0.27542001
1396,Sub-Saharan Africa,,1998,2.237030029
1397,Sub-Saharan Africa,,1999,2.901439905
1398,Sub-Saharan Africa,,2007,1.917099953
1399,Sub-Saharan Africa,,2008,1.892560005
1400,Sub-Saharan Africa,,2009,1.810150027
1401,Sub-Saharan Africa,,2010,1.827219963
1402,Sub-Saharan Africa,,2011,1.874130011
1403,Sub-Saharan Africa,,2012,1.560780048
1404,Sub-Saharan Africa,,2013,1.546769977
1405,Sub-Saharan Africa (excluding high-income countries),,1998,2.237849951
1406,Sub-Saharan Africa (excluding high-income countries),,1999,2.902519941
1407,Sub-Saharan Africa (excluding high-income countries),,2007,1.917760015
1408,Sub-Saharan Africa (excluding high-income countries),,2008,1.893210053
1409,Sub-Saharan Africa (excluding high-income countries),,2009,1.810760021
1410,Sub-Saharan Africa (excluding high-income countries),,2010,1.827810049
1411,Sub-Saharan Africa (excluding high-income countries),,2011,1.874729991
1412,Sub-Saharan Africa (excluding high-income countries),,2012,1.561269999
1413,Sub-Saharan Africa (excluding high-income countries),,2013,1.547230005
1414,Sweden,SWE,1999,7.284470081
1415,Sweden,SWE,2000,7.365129948
1416,Sweden,SWE,2001,7.347080231
1417,Sweden,SWE,2002,7.486989975
1418,Sweden,SWE,2003,7.830329895
1419,Sweden,SWE,2004,4.015850067
1420,Sweden,SWE,2005,4.678909779
1421,Sweden,SWE,2006,5.043610096
1422,Sweden,SWE,2007,5.35036993
1423,Sweden,SWE,2008,5.567500114
1424,Sweden,SWE,2009,6.398789883
1425,Sweden,SWE,2010,6.930170059
1426,Sweden,SWE,2011,7.879099846
1427,Sweden,SWE,2012,6.315289974
1428,Sweden,SWE,2013,5.8261199
1429,Switzerland,CHE,1999,16.15065002
1430,Switzerland,CHE,2000,16.57518959
1431,Switzerland,CHE,2001,16.99485016
1432,Switzerland,CHE,2002,17.22727013
1433,Switzerland,CHE,2003,17.66300011
1434,Switzerland,CHE,2004,18.2217598
1435,Switzerland,CHE,2005,18.42399979
1436,Switzerland,CHE,2006,17.89277077
1437,Switzerland,CHE,2007,17.97974968
1438,Switzerland,CHE,2008,14.12489033
1439,Switzerland,CHE,2009,14.92453957
1440,Switzerland,CHE,2010,15.36163044
1441,Switzerland,CHE,2011,16.22183037
1442,Switzerland,CHE,2012,16.49571991
1443,Switzerland,CHE,2013,16.85936928
1444,Tajikistan,TJK,1999,5.201990128
1445,Tajikistan,TJK,2000,4.60529995
1446,Tajikistan,TJK,2001,2.480870008
1447,Tajikistan,TJK,2002,3.587290049
1448,Tajikistan,TJK,2003,1.801110029
1449,Tajikistan,TJK,2004,1.606539965
1450,Tajikistan,TJK,2005,0.672360003
1451,Tajikistan,TJK,2006,0.644909978
1452,Tajikistan,TJK,2007,1.574180007
1453,Tajikistan,TJK,2008,1.584249973
1454,Tajikistan,TJK,2009,1.677549958
1455,Tajikistan,TJK,2010,1.727159977
1456,Tajikistan,TJK,2011,1.818529963
1457,Tajikistan,TJK,2012,1.600419998
1458,Tajikistan,TJK,2013,0.855740011
1459,Tajikistan,TJK,2014,0.553619981
1460,Tajikistan,TJK,2015,0.830200016
1461,Tanzania,TZA,2003,1.275400043
1462,Tanzania,TZA,2004,0.640309989
1463,Thailand,THA,1999,0.103739999
1464,Thailand,THA,2001,0.119670004
1465,Thailand,THA,2002,0.189850003
1466,Thailand,THA,2004,0.185210004
1467,Thailand,THA,2005,0.183709994
1468,Thailand,THA,2006,0.23951
1469,Thailand,THA,2007,0.340869993
1470,Thailand,THA,2008,0.449169993
1471,Thailand,THA,2009,0.676840007
1472,Thailand,THA,2010,0.785139978
1473,Thailand,THA,2011,0.807060003
1474,Thailand,THA,2012,0.835600019
1475,Togo,TGO,2007,1.412220001
1476,Trinidad and Tobago,TTO,1999,13.25938034
1477,Trinidad and Tobago,TTO,2000,16.31122971
1478,Trinidad and Tobago,TTO,2001,14.05850983
1479,Trinidad and Tobago,TTO,2002,10.17780018
1480,Trinidad and Tobago,TTO,2004,5.784729958
1481,Tunisia,TUN,1999,1.752840042
1482,Tunisia,TUN,2000,1.530740023
1483,Tunisia,TUN,2001,1.222350001
1484,Tunisia,TUN,2002,1.097370028
1485,Tunisia,TUN,2003,0.831749976
1486,Tunisia,TUN,2004,0.773370028
1487,Tunisia,TUN,2008,0.694970012
1488,Tunisia,TUN,2009,0.651380002
1489,Tunisia,TUN,2010,0.595309973
1490,Tunisia,TUN,2011,0.561429977
1491,Tunisia,TUN,2012,0.531910002
1492,Tunisia,TUN,2013,1.848289967
1493,Turkey,TUR,1998,1.323899984
1494,Turkey,TUR,1999,1.251889944
1495,Turkey,TUR,2001,1.036219954
1496,Turkey,TUR,2002,0.973100007
1497,Turkey,TUR,2003,0.663489997
1498,Turkey,TUR,2004,0.7755
1499,Turkey,TUR,2005,0.86243999
1500,Turkey,TUR,2006,0.814329982
1501,Turkey,TUR,2007,0.784829974
1502,Turkey,TUR,2008,0.798340023
1503,Turkey,TUR,2009,0.74883002
1504,Turkey,TUR,2010,0.732089996
1505,Turkey,TUR,2011,0.815230012
1506,Turkey,TUR,2012,0.886399984
1507,Turkey,TUR,2013,1.093050003
1508,Turkmenistan,TKM,2014,0.195899993
1509,Uganda,UGA,2011,10.73262024
1510,Ukraine,UKR,1999,1.054229975
1511,Ukraine,UKR,2001,0.660260022
1512,Ukraine,UKR,2002,0.806209981
1513,Ukraine,UKR,2003,0.791299999
1514,Ukraine,UKR,2004,0.633729994
1515,Ukraine,UKR,2005,0.89289999
1516,Ukraine,UKR,2006,0.971520007
1517,Ukraine,UKR,2007,1.050420046
1518,Ukraine,UKR,2008,1.143829942
1519,Ukraine,UKR,2009,1.278450012
1520,Ukraine,UKR,2010,1.429749966
1521,Ukraine,UKR,2011,1.511019945
1522,Ukraine,UKR,2012,1.823889971
1523,Ukraine,UKR,2013,2.252729893
1524,Ukraine,UKR,2014,2.797590017
1525,United Arab Emirates,ARE,2011,42.81026077
1526,United Arab Emirates,ARE,2012,44.53160095
1527,United Arab Emirates,ARE,2013,44.6292305
1528,United Arab Emirates,ARE,2014,44.81966019
1529,United Kingdom,GBR,1998,10.8105402
1530,United Kingdom,GBR,1999,11.17465019
1531,United Kingdom,GBR,2000,11.01387024
1532,United Kingdom,GBR,2001,10.91843033
1533,United Kingdom,GBR,2002,10.1430397
1534,United Kingdom,GBR,2003,11.15610027
1535,United Kingdom,GBR,2004,13.35101032
1536,United Kingdom,GBR,2005,13.91882992
1537,United Kingdom,GBR,2006,14.12938023
1538,United Kingdom,GBR,2007,14.87504959
1539,United Kingdom,GBR,2008,14.6723299
1540,United Kingdom,GBR,2009,15.27676964
1541,United Kingdom,GBR,2010,15.7292099
1542,United Kingdom,GBR,2011,16.8498497
1543,United Kingdom,GBR,2012,17.13636971
1544,United Kingdom,GBR,2013,17.46262932
1545,United States,USA,1998,3.242889881
1546,United States,USA,1999,3.282180071
1547,United States,USA,2000,3.59897995
1548,United States,USA,2001,3.495019913
1549,United States,USA,2002,3.660200119
1550,United States,USA,2003,3.529530048
1551,United States,USA,2004,3.387530088
1552,United States,USA,2005,3.416840076
1553,United States,USA,2006,3.343640089
1554,United States,USA,2007,3.355360031
1555,United States,USA,2008,3.422130108
1556,United States,USA,2009,3.458029985
1557,United States,USA,2010,3.352339983
1558,United States,USA,2011,3.376290083
1559,United States,USA,2012,3.527090073
1560,United States,USA,2013,3.927510023
1561,Upper-middle-income countries,,1998,0.938979983
1562,Upper-middle-income countries,,1999,0.963180006
1563,Upper-middle-income countries,,2000,0.973230004
1564,Upper-middle-income countries,,2001,0.836160004
1565,Upper-middle-income countries,,2002,0.79974997
1566,Upper-middle-income countries,,2003,0.714900017
1567,Upper-middle-income countries,,2004,0.662899971
1568,Upper-middle-income countries,,2005,0.627020001
1569,Upper-middle-income countries,,2006,0.596459985
1570,Upper-middle-income countries,,2007,0.639450014
1571,Upper-middle-income countries,,2008,0.685699999
1572,Upper-middle-income countries,,2009,0.701390028
1573,Upper-middle-income countries,,2010,0.721780002
1574,Upper-middle-income countries,,2011,0.731369972
1575,Upper-middle-income countries,,2012,0.680019975
1576,Upper-middle-income countries,,2013,0.710309982
1577,Uruguay,URY,1999,0.948719978
1578,Uzbekistan,UZB,2006,0.052700002
1579,Uzbekistan,UZB,2007,0.085950002
1580,Uzbekistan,UZB,2008,0.104340002
1581,Uzbekistan,UZB,2009,0.126670003
1582,Uzbekistan,UZB,2010,0.149719998
1583,Uzbekistan,UZB,2011,0.136250004
1584,Venezuela,VEN,2002,0.022530001
1585,Venezuela,VEN,2004,0.235479996
1586,Venezuela,VEN,2008,0.090690002
1587,Vietnam,VNM,1999,0.062830001
1588,Vietnam,VNM,2000,0.08495
1589,Vietnam,VNM,2001,0.08822
1590,Vietnam,VNM,2002,0.119290002
1591,Vietnam,VNM,2003,0.126350001
1592,Vietnam,VNM,2005,0.151559994
1593,Vietnam,VNM,2007,0.203449994
1594,Vietnam,VNM,2008,0.203160003
1595,Vietnam,VNM,2009,0.237100005
1596,Vietnam,VNM,2010,0.161349997
1597,Vietnam,VNM,2011,0.166720003
1598,Vietnam,VNM,2012,0.176719993
1599,Vietnam,VNM,2013,0.160349995
1600,Vietnam,VNM,2014,0.094350003
1601,World,OWID_WRL,1997,2.221920013
1602,World,OWID_WRL,1998,2.158499956
1603,World,OWID_WRL,1999,2.111099958
1604,World,OWID_WRL,2000,2.080470085
1605,World,OWID_WRL,2001,2.026849985
1606,World,OWID_WRL,2002,2.103800058
1607,World,OWID_WRL,2003,2.128240108
1608,World,OWID_WRL,2004,2.05708003
1609,World,OWID_WRL,2005,2.039760113
1610,World,OWID_WRL,2006,1.979099989
1611,World,OWID_WRL,2007,1.987169981
1612,World,OWID_WRL,2008,2.007889986
1613,World,OWID_WRL,2009,2.031689882
1614,World,OWID_WRL,2010,2.056070089
1615,World,OWID_WRL,2011,2.055459976
1616,World,OWID_WRL,2012,2.029299974
1617,World,OWID_WRL,2013,2.042880058
1618,Yemen,YEM,2007,2.710449934
1619,Yemen,YEM,2011,4.25909996
1620,Zimbabwe,ZWE,2010,0.934350014
1621,Zimbabwe,ZWE,2011,0.694649994
1622,Zimbabwe,ZWE,2012,0.374419987
